group,model,mape_2025_pct,val_2024_mape_pct
GIFT_LOW,RandomForest,14.497388241554457,19.100247856197576
GIFT_HIGH,Ridge_log1p,91.10557431741263,27.93527852691691
GIFT_LARGE,XGBoost,34.3506395712264,20.29485605481453
GIFT_COMBINED,Ridge_log1p,60.76364979690637,22.246050094219193
